<?xml version="1.0" encoding="UTF-8"?>
<beans xmlns="http://www.springframework.org/schema/beans"
	xmlns:jee="http://www.springframework.org/schema/jee" xmlns:xsi="http://www.w3.org/2001/XMLSchema-instance"
	xmlns:beans="http://www.springframework.org/schema/beans" xmlns:context="http://www.springframework.org/schema/context"
	xsi:schemaLocation="
	http://www.springframework.org/schema/jee 
	http://www.springframework.org/schema/jee/spring-jee.xsd
    http://www.springframework.org/schema/beans 
    http://www.springframework.org/schema/beans/spring-beans.xsd 
    http://www.springframework.org/schema/context 
    http://www.springframework.org/schema/context/spring-context.xsd">

	<!-- register spring beans -->
	<context:component-scan
		base-package="com.bsc.ais.manage.payment.info.services.v1.api,
		com.bsc.ais.manage.payment.info.services.v1.processor, com.bsc.ais.manage.payment.info.services.v1.util" />
		
	<bean id="managePaymentInfoServiceJdbcTemplate" class="org.springframework.jdbc.core.JdbcTemplate">  
		<property name="dataSource" ref="facetDS"></property>  
	</bean>
	<bean id="managePaymentInfoServiceWPRJdbcTemplate"  class="org.springframework.jdbc.core.JdbcTemplate">
          <property name="dataSource" ref="wpratgr"></property>
    </bean>
    <bean id="managePaymentInfoServiceWPRDbUtil"
		class="com.bsc.ais.manage.payment.info.services.v1.util.ManagePaymentInfoServiceWPRDbUtil">
		<property name="jdbcTemplate" ref="managePaymentInfoServiceWPRJdbcTemplate" />
	</bean>
	
	<bean id="PROPAGATION_REQUIRES_NEW" class="org.apache.camel.spring.spi.SpringTransactionPolicy">
                <property name="transactionManager" ref="transactionManager"/>
                <property name="propagationBehaviorName" value="PROPAGATION_REQUIRES_NEW"/>
      </bean>
      
      <bean id="transactionManager" 
          class="org.springframework.jdbc.datasource.DataSourceTransactionManager">
          <property name="dataSource" ref="facetDS"></property>
    </bean>

	<bean id="managePaymentInfoServiceDbUtil"
		class="com.bsc.ais.manage.payment.info.services.v1.util.ManagePaymentInfoServiceDbUtil">
		<property name="jdbcTemplate" ref="managePaymentInfoServiceJdbcTemplate" />
	</bean>
		
		
</beans>